Party,p_log_p,Avg_Syllables
Democrat,-8.1430833940235,2.067890920619333
Republican,-8.13692144233256,2.0678404842954374
